{"cameraMode":{"drawMode":0,"name":"Shaded","section":"Shading Mode"},"sceneLighting":true,"audioPlay":false,"sceneViewState":{"showFog":true,"showMaterialUpdate":true,"showSkybox":true,"showFlares":true,"showImageEffects":true,"showParticleSystems":true},"in2DMode":false,"pivot":{"x":0.11002252995967865,"y":0.47731664776802065,"z":-0.20515668392181397},"rotation":{"x":0.0871710330247879,"y":-0.02540445886552334,"z":0.0022193517070263626,"w":0.9958750605583191},"size":10.0,"orthographic":false}